Symbol,Sector,MarketCap
20MICRONS,Industrial Minerals,Micro
3IINFOLTD,Computers - Software & Consulting,Micro
5PAISA,Stockbroking & Allied,Micro
ABINFRA,Civil Construction,Micro
AARON,Industrial Products,Micro
AARTISURF,Specialty Chemicals,Micro
ABCOTS,Other Textile Products,Micro
AFSL,Holding Company,Micro
ABSMARINE,Shipping,Micro
ACCELYA,Computers - Software & Consulting,Micro
ACCENTMIC,Pharmaceuticals,Micro
ADFFOODS,Packaged Foods,Micro
BIRLAMONEY,Stockbroking & Allied,Micro
ADOR,Other Industrial Products,Micro
ADVANCE,Pesticides & Agrochemicals,Micro
ADVANIHOTR,Hotels & Resorts,Micro
ADVENTHTL,Hotels & Resorts,Micro
AEROFLEX,Iron & Steel Products,Micro
AEROENTER,Iron & Steel Products,Micro
AGARIND,Petrochemicals,Micro
AIMTRON,Industrial Products,Micro
AKIKO,Other Financial Services,Micro
AFIL,Non Banking Financial Company (NBFC),Micro
ALBERTDAVD,Pharmaceuticals,Micro
ALICON,Auto Components & Equipments,Micro
ALLETEC,Computers - Software & Consulting,Micro
ALLTIME,Houseware,Micro
ACLGATI,Logistics Solution Provider,Micro
ALLCARGO,Logistics Solution Provider,Micro
ATL,Port & Port services,Micro
ALLDIGI,Business Process Outsourcing (BPO)/ Knowledge Process Outsourcing (KPO),Micro
ADSL,IT Enabled Services,Micro
ALMONDZ,Stockbroking & Allied,Micro
ALPEXSOLAR,Other Electrical Equipment,Micro
AMANTA,Pharmaceuticals,Micro
AMBIKCO,Other Textile Products,Micro
AMNPLST,Commodity Chemicals,Micro
AMRUTANJAN,Pharmaceuticals,Micro
ANANTAM,"Road AssetsToll, Annuity, Hybrid-Annuity",Micro
AMCL,"Aluminium, Copper & Zinc Products",Micro
ACL,Cement & Cement Products,Micro
ANDHRAPAP,Paper & Paper Products,Micro
ANDHRSUGAR,Commodity Chemicals,Micro
ANDREWYU,Tea & Coffee,Micro
APCL,Cement & Cement Products,Micro
AHCL,Pharmaceuticals,Micro
ANNAPURNA,Packaged Foods,Micro
ANONDITA,Personal Care,Micro
ANTELOPUS,Oil Exploration & Production,Micro
AWHCL,Waste Management,Micro
ANUHPHR,Pharmaceuticals,Micro
ANZEN,Power - Transmission,Micro
APCOTEXIND,Rubber,Micro
APEX,Seafood,Micro
APOLLOPIPE,Plastic Products - Industrial,Micro
APOLSINHOT,Hotels & Resorts,Micro
APRAMEYA,Medical Equipment & Supplies,Micro
APTECHT,Education,Micro
ARFIN,Aluminium,Micro
ARIES,Fertilizers,Micro
ARIHANTCAP,Stockbroking & Allied,Micro
ARIHANTSUP,"Residential, Commercial Projects",Micro
ARISINFRA,Other Construction Materials,Micro
ARMANFIN,Non Banking Financial Company (NBFC),Micro
ARROWGREEN,Packaging,Micro
ASAHISONG,Dyes And Pigments,Micro
ASHIMASYN,Other Textile Products,Micro
ASIANENE,Oil Equipment & Services,Micro
ASIANTILES,Ceramics,Micro
ASIANHOTNR,Hotels & Resorts,Micro
ASALCBR,Breweries & Distilleries,Micro
ASTEC,Pesticides & Agrochemicals,Micro
ATLANTAA,Civil Construction,Micro
ATMASTCO,Civil Construction,Micro
ATULAUTO,Commercial Vehicles,Micro
AURUM,IT Enabled Services,Micro
APS,Heavy Electrical Equipment,Micro
AUTOIND,Auto Components & Equipments,Micro
ASAL,Auto Components & Equipments,Micro
AVADHSUGAR,Sugar,Micro
AVONMORE,Non Banking Financial Company (NBFC),Micro
AVPINFRA,Civil Construction,Micro
AVTNPL,Other Agricultural Products,Micro
AXITA,Other Textile Products,Micro
AYMSYNTEX,Other Textile Products,Micro
BLKASHYAP,Civil Construction,Micro
BBTCL,Packaging,Micro
STYLEBAAZA,Speciality Retail,Micro
BAFNAPH,Pharmaceuticals,Micro
BAHETI,"Aluminium, Copper & Zinc Products",Micro
BAJAJHCARE,Pharmaceuticals,Micro
BAJAJHIND,Sugar,Micro
BAJEL,Heavy Electrical Equipment,Micro
BALAJITELE,Media & Entertainment,Micro
BANSWRAS,Other Textile Products,Micro
ASMS,IT Enabled Services,Micro
BASILIC,Media & Entertainment,Micro
BCLIND,Breweries & Distilleries,Micro
BEDMUTHA,Iron & Steel Products,Micro
BELLACASA,Garments & Apparels,Micro
BLAL,Investment Company,Micro
BESTAGRO,Pesticides & Agrochemicals,Micro
BETA,Pharmaceuticals,Micro
BFINVEST,Holding Company,Micro
BFUTILITIE,"Road AssetsToll, Annuity, Hybrid-Annuity",Micro
BHAGERIA,Dyes And Pigments,Micro
BHAGYANGR,Copper,Micro
BEPL,Specialty Chemicals,Micro
BHARATSE,Auto Components & Equipments,Micro
BHARATWIRE,Iron & Steel Products,Micro
BIL,Leather And Leather Products,Micro
BIGBLOC,Cement & Cement Products,Micro
BIRLACABLE,Telecom -  Equipment & Accessories,Micro
BIRLANU,"Furniture, Home Furnishing",Micro
BLISSGVS,Pharmaceuticals,Micro
BLSE,IT Enabled Services,Micro
BLUSPRING,Diversified Commercial Services,Micro
BMWVENTLTD,Trading - Metals,Micro
BODALCHEM,Dyes And Pigments,Micro
BSHSL,Other Agricultural Products,Micro
BORANA,Other Textile Products,Micro
BOROSCI,Glass - Industrial,Micro
BCONCEPTS,Speciality Retail,Micro
BCG,IT Enabled Services,Micro
BUTTERFLY,Household Appliances,Micro
CCCL,"Residential, Commercial Projects",Micro
C2C,Aerospace & Defense,Micro
CANTABIL,Garments & Apparels,Micro
CAPACITE,Civil Construction,Micro
CIFL,Non Banking Financial Company (NBFC),Micro
CAPINVIT,Civil Construction,Micro
CAPITALSFB,Other Bank,Micro
CPEDU,Education,Micro
CELLECOR,Consumer Electronics,Micro
CENTRUM,Other Financial Services,Micro
CENTENKA,Other Textile Products,Micro
CMNL,Sponge Iron,Micro
CLSEL,Other Agricultural Products,Micro
CHANDAN,Healthcare Service Provider,Micro
CHEMBONDCH,Specialty Chemicals,Micro
CHEMCON,Specialty Chemicals,Micro
CHEMFAB,Commodity Chemicals,Micro
CHEVIOT,Jute & Jute Products,Micro
CLEDUCATE,Education,Micro
COFFEEDAY,Restaurants,Micro
COMSYN,Packaging,Micro
CEWATER,Waste Management,Micro
CONFIPET,LPG/CNG/PNG/LNG Supplier,Micro
CONNPLEX,"Film Production, Distribution & Exhibition",Micro
CONSOFINVT,Non Banking Financial Company (NBFC),Micro
CONTROLPR,Computers Hardware & Equipments,Micro
COOLCAPS,Packaging,Micro
COSMOFIRST,Packaging,Micro
CGRAPHICS,Other Industrial Products,Micro
CREATIVE,Trading & Distributors,Micro
MUFTI,Speciality Retail,Micro
CREST,Non Banking Financial Company (NBFC),Micro
CSLFINANCE,Non Banking Financial Company (NBFC),Micro
CYBERTECH,Computers - Software & Consulting,Micro
DPWIRES,Iron & Steel Products,Micro
DLINKINDIA,Computers Hardware & Equipments,Micro
DALMIASUG,Sugar,Micro
DAMCAPITAL,Stockbroking & Allied,Micro
DANISH,Heavy Electrical Equipment,Micro
DAVANGERE,Diversified FMCG,Micro
DCI,Computers Hardware & Equipments,Micro
DCMSRIND,Sugar,Micro
DCW,Petrochemicals,Micro
DCXINDIA,Aerospace & Defense,Micro
DENORA,Electrodes & Refractories,Micro
DECCANCE,Cement & Cement Products,Micro
DEEDEV,Industrial Products,Micro
DBEIL,Civil Construction,Micro
DELPHIFX,Other Financial Services,Micro
DELTACORP,Amusement Parks/ Other Recreation,Micro
DEN,TV Broadcasting & Software Production,Micro
DENTA,Water Supply & Management,Micro
DEVX,Diversified Commercial Services,Micro
DBOL,Sugar,Micro
DHAMPURSUG,Sugar,Micro
DHANBANK,Private Sector Bank,Micro
DHARMAJ,Pesticides & Agrochemicals,Micro
DHUNINV,Non Banking Financial Company (NBFC),Micro
DVL,Diversified,Micro
DICIND,Printing Inks,Micro
DIFFNKG,Other Industrial Products,Micro
DIGISPICE,IT Enabled Services,Micro
DIGITIDE,IT Enabled Services,Micro
DISHTV,TV Broadcasting & Software Production,Micro
DIVGIITTS,Auto Components & Equipments,Micro
DPEL,Cables - Electricals,Micro
DMCC,Specialty Chemicals,Micro
DOLATALGO,Stockbroking & Allied,Micro
DOLLAR,Garments & Apparels,Micro
DOLPHIN,Offshore Support Solution Drilling,Micro
DONEAR,Other Textile Products,Micro
DREAMFOLKS,Airport & Airport services,Micro
DREDGECORP,Dredging,Micro
DWARKESH,Sugar,Micro
DSSL,IT Enabled Services,Micro
DYCL,Cables - Electricals,Micro
DYNPRO,Specialty Chemicals,Micro
EFACTOR,Other Consumer Services,Micro
ECOSMOBLTY,Road Transport,Micro
EFCIL,Diversified Commercial Services,Micro
EFFWA,Waste Management,Micro
EIHAHOTELS,Hotels & Resorts,Micro
EIMCOELECO,Industrial Products,Micro
ELDEHSG,"Residential, Commercial Projects",Micro
ELECTHERM,Iron & Steel Products,Micro
ELIN,Household Appliances,Micro
EMAMIPAP,Paper & Paper Products,Micro
EMAMIREAL,"Residential, Commercial Projects",Micro
EMKAY,Stockbroking & Allied,Micro
ETL,Industrial Products,Micro
EMSLIMITED,Waste Management,Micro
ENIL,Media & Entertainment,Micro
EPACK,Household Appliances,Micro
ESAFSFB,Other Bank,Micro
ESSARSHPNG,Shipping,Micro
ESFL,Plastic Products - Consumer,Micro
ESTER,Packaging,Micro
EIFFL,Packaged Foods,Micro
EUROBOND,"Aluminium, Copper & Zinc Products",Micro
EVEREADY,Household Products,Micro
EVERESTIND,Other Construction Materials,Micro
EKC,Industrial Products,Micro
EXCELINDUS,Specialty Chemicals,Micro
EXCELSOFT,IT Enabled Services,Micro
EXICOM,Heavy Electrical Equipment,Micro
EXPLEOSOL,IT Enabled Services,Micro
EXXARO,Ceramics,Micro
FABTECH,"Healthcare Research, Analytics & Technology",Micro
FAIRCHEMOR,Specialty Chemicals,Micro
FAZE3Q,Other Textile Products,Micro
FCSSOFT,IT Enabled Services,Micro
FILATFASH,Garments & Apparels,Micro
FILATEX,Other Textile Products,Micro
FINKURVE,Non Banking Financial Company (NBFC),Micro
FINOPB,Other Bank,Micro
FLYSBS,Airline,Micro
FOCE,"Gems, Jewellery And Watches",Micro
FOCUS,Consumer Electronics,Micro
FOODSIN,Packaged Foods,Micro
FRESHARA,Other Food Products,Micro
FUSION,Microfinance Institutions,Micro
GMBREW,Breweries & Distilleries,Micro
GALAPREC,Industrial Products,Micro
GANDHAR,Lubricants,Micro
GANDHITUBE,Iron & Steel Products,Micro
GANESHBE,Oil Storage & Transportation,Micro
GANESHCP,Packaged Foods,Micro
GGBL,Civil Construction,Micro
GANESHIN,Civil Construction,Micro
GANECOS,Other Textile Products,Micro
GARUDA,Civil Construction,Micro
GVPIL,Heavy Electrical Equipment,Micro
GEECEE,"Residential, Commercial Projects",Micro
GEEKAYWIRE,Iron & Steel Products,Micro
GEMAROMA,Specialty Chemicals,Micro
GENESYS,IT Enabled Services,Micro
GENUSPAPER,Paper & Paper Products,Micro
GEOJITFSL,Stockbroking & Allied,Micro
GFLLIMITED,Holding Company,Micro
GHCLTEXTIL,Other Textile Products,Micro
GICHSGFIN,Housing Finance Company,Micro
GINNIFILA,Other Textile Products,Micro
GIRIRAJ,Civil Construction,Micro
GKWLIMITED,Investment Company,Micro
GLOBAL,Education,Micro
GSLSU,Granites & Marbles,Micro
GLOBECIVIL,Civil Construction,Micro
GICL,Logistics Solution Provider,Micro
GLOSTERLTD,Jute & Jute Products,Micro
GLOTTIS,Logistics Solution Provider,Micro
GNA,Auto Components & Equipments,Micro
GOACARBON,Industrial Minerals,Micro
GOCLCORP,Explosives,Micro
GODAVARIB,Diversified FMCG,Micro
GOKUL,Edible Oil,Micro
GOLDKART,"Gems, Jewellery And Watches",Micro
GOODYEAR,Tyres & Rubber Products,Micro
GPECO,Other Electrical Equipment,Micro
GPTHEALTH,Hospital,Micro
GPTINFRA,Civil Construction,Micro
GCHOTELS,Hotels & Resorts,Micro
GCSL,Other Capital Market related Services,Micro
GRPLTD,Rubber,Micro
GTLINFRA,Telecom - Infrastructure,Micro
GTPL,TV Broadcasting & Software Production,Micro
GUJAPOLLO,Industrial Products,Micro
GIPCL,Power Generation,Micro
GULPOLY,Other Agricultural Products,Micro
GVKPIL,Civil Construction,Micro
HTMEDIA,Print Media,Micro
HALEOSLABS,Pharmaceuticals,Micro
HARDWYN,"Furniture, Home Furnishing",Micro
HARIOMPIPE,Iron & Steel Products,Micro
HARRMALAYA,Rubber,Micro
HATHWAY,TV Broadcasting & Software Production,Micro
HCL-INSYS,Computers Hardware & Equipments,Micro
HERANBA,Pesticides & Agrochemicals,Micro
HERCULES,Industrial Products,Micro
HESTERBIO,Pharmaceuticals,Micro
HEUBACHIND,Dyes And Pigments,Micro
HEXATRADEX,Investment Company,Micro
HIGREEN,Waste Management,Micro
HITECH,Iron & Steel Products,Micro
HILINFRA,"Road AssetsToll, Annuity, Hybrid-Annuity",Micro
HIMATSEIDE,Other Textile Products,Micro
HIRECT,Industrial Products,Micro
HINDCOMPOS,Auto Components & Equipments,Micro
HINDOILEXP,Oil Exploration & Production,Micro
HGS,Business Process Outsourcing (BPO)/ Knowledge Process Outsourcing (KPO),Micro
HMVL,Print Media,Micro
HINDMOTORS,Passenger Cars & Utility Vehicles,Micro
HINDWAREAP,Sanitary Ware,Micro
HITECHCORP,Packaging,Micro
HLVLTD,Hotels & Resorts,Micro
HMAAGRO,Meat Products including Poultry,Micro
HMT,Industrial Products,Micro
HONDAPOWER,Industrial Products,Micro
HPAL,Specialty Chemicals,Micro
HPTL,Trading & Distributors,Micro
HPL,Industrial Products,Micro
HUHTAMAKI,Packaging,Micro
IGPL,Commodity Chemicals,Micro
ICEMAKE,Industrial Products,Micro
IDEAFORGE,Aerospace & Defense,Micro
IFBAGRO,Breweries & Distilleries,Micro
IFGLEXPOR,Electrodes & Refractories,Micro
IGARASHI,Auto Components & Equipments,Micro
IKIO,Consumer Electronics,Micro
IL&FSENGG,Civil Construction,Micro
INDSWFTLAB,Pharmaceuticals,Micro
BAJAJINDEF,Industrial Products,Micro
IMPAL,Trading - Auto components,Micro
INDNIPPON,Auto Components & Equipments,Micro
IPL,Pesticides & Agrochemicals,Micro
DPSCLTD,Integrated Power Utilities,Micro
INDIANHUME,Industrial Products,Micro
IITL,Investment Company,Micro
INDOAMIN,Specialty Chemicals,Micro
INDOBORAX,Commodity Chemicals,Micro
INDOFARM,Tractors,Micro
NIPPOBATRY,Household Products,Micro
INDORAMA,Other Textile Products,Micro
INDOTECH,Heavy Electrical Equipment,Micro
INDOCO,Pharmaceuticals,Micro
IGCL,Pesticides & Agrochemicals,Micro
WAAREEINDO,Heavy Electrical Equipment,Micro
INFINIUM,Pharmaceuticals,Micro
INFLUX,Pharmaceuticals,Micro
INFOBEAN,Computers - Software & Consulting,Micro
INFOLLION,Diversified Commercial Services,Micro
INNOVANA,Computers - Software & Consulting,Micro
INSECTICID,Pesticides & Agrochemicals,Micro
INSPIRISYS,IT Enabled Services,Micro
INM,"Furniture, Home Furnishing",Micro
INTLCONV,Industrial Products,Micro
IOLCP,Pharmaceuticals,Micro
IRIS,Software Products,Micro
IRISDOREME,Garments & Apparels,Micro
IRMENERGY,LPG/CNG/PNG/LNG Supplier,Micro
IVALUE,IT Enabled Services,Micro
IZMO,IT Enabled Services,Micro
JGCHEM,Commodity Chemicals,Micro
JAGRAN,Print Media,Micro
JAGSNPHARM,Pharmaceuticals,Micro
JAICORPLTD,Plastic Products - Industrial,Micro
JAINAM,Ferro & Silica Manganese,Micro
JARO,E-Learning,Micro
JAYBARMARU,Auto Components & Equipments,Micro
JAYAGROGN,Specialty Chemicals,Micro
JEYYAM,Other Food Products,Micro
JINDRILL,Offshore Support Solution Drilling,Micro
JINDALPHOT,Investment Company,Micro
JINDALPOLY,Packaging,Micro
JPOLYINVST,Investment Company,Micro
JKIPL,"Dealers-Commercial Vehicles, Tractors, Construction Vehicles",Micro
JITFINFRA,Water Supply & Management,Micro
JNKINDIA,Industrial Products,Micro
JPASSOCIAT,Civil Construction,Micro
JTLIND,Iron & Steel Products,Micro
JYOTISTRUC,Heavy Electrical Equipment,Micro
KCP,Cement & Cement Products,Micro
KPEL,Power Generation,Micro
KABRAEXTRU,Industrial Products,Micro
KICL,Investment Company,Micro
KAMATHOTEL,Hotels & Resorts,Micro
KAMDHENU,Iron & Steel Products,Micro
KANORICHEM,Industrial Products,Micro
KANPRPLA,Packaging,Micro
KAPSTON,Diversified Commercial Services,Micro
KARNIKA,Garments & Apparels,Micro
KAYA,Wellness,Micro
KCPSUGIND,Sugar,Micro
KELLTONTEC,IT Enabled Services,Micro
KERNEX,Transport Related Services,Micro
KHADIM,Footwear,Micro
KHAICHEM,Fertilizers,Micro
KILITCH,Pharmaceuticals,Micro
KECL,Other Electrical Equipment,Micro
KNAGRI,Edible Oil,Micro
KODYTECH,Computers - Software & Consulting,Micro
KOKUYOCMLN,Stationary,Micro
KOPRAN,Pharmaceuticals,Micro
KOTHARIPET,Petrochemicals,Micro
KOTHARIPRO,Trading & Distributors,Micro
KRISHIVAL,Other Food Products,Micro
KRISHNADEF,Aerospace & Defense,Micro
KRITI,Plastic Products - Industrial,Micro
KRITINUT,Edible Oil,Micro
KRONOX,Specialty Chemicals,Micro
KROSS,Auto Components & Equipments,Micro
KRSNAA,Healthcare Service Provider,Micro
KRYSTAL,Diversified Commercial Services,Micro
KSOLVES,Computers - Software & Consulting,Micro
KUANTUM,Paper & Paper Products,Micro
LAOPALA,Glass - Consumer,Micro
LANCER,Logistics Solution Provider,Micro
LANDMARK,Auto Dealer,Micro
LAXMIDENTL,Medical Equipment & Supplies,Micro
LGHL,"Gems, Jewellery And Watches",Micro
LAXMIINDIA,Non Banking Financial Company (NBFC),Micro
LEMERITE,Other Textile Products,Micro
LIBERTSHOE,Footwear,Micro
LIKHITHA,Civil Construction,Micro
LINC,Stationary,Micro
LINCOLN,Pharmaceuticals,Micro
LOKESHMACH,Industrial Products,Micro
LORDSCHLO,Commodity Chemicals,Micro
MBEL,Civil Construction,Micro
MMFL,Auto Components & Equipments,Micro
MTNL,Telecom - Cellular & Fixed line services,Micro
MVKAGRO,Sugar,Micro
MAANALU,Aluminium,Micro
MACPOWER,Industrial Products,Micro
MADRASFERT,Fertilizers,Micro
MAGADSUGAR,Sugar,Micro
MCLOUD,Computers - Software & Consulting,Micro
MAHASTEEL,Iron & Steel Products,Micro
MAHEPC,Industrial Products,Micro
MALLCOM,Other Industrial Products,Micro
MAMATA,Industrial Products,Micro
MANAKSIA,Iron & Steel Products,Micro
MANAKCOAT,Iron & Steel Products,Micro
MANAKSTEEL,Iron & Steel,Micro
MANALIPETC,Petrochemicals,Micro
MANBA,Non Banking Financial Company (NBFC),Micro
MANCREDIT,Non Banking Financial Company (NBFC),Micro
MEIL,Other Electrical Equipment,Micro
MANGLMCEM,Cement & Cement Products,Micro
MGEL,Other Agricultural Products,Micro
MANORG,Commodity Chemicals,Micro
MWL,Trading - Metals,Micro
MVGJL,"Gems, Jewellery And Watches",Micro
MANOMAY,Other Textile Products,Micro
MARKOLINES,Civil Construction,Micro
MASON,"Residential, Commercial Projects",Micro
MASTERTR,Stockbroking & Allied,Micro
MATRIMONY,Internet & Catalogue Retail,Micro
MAWANASUG,Sugar,Micro
MAXIND,Holding Company,Micro
MAXVOLT,Auto Components & Equipments,Micro
MAYURUNIQ,Leather And Leather Products,Micro
MAZDA,Industrial Products,Micro
MBLINFRA,Civil Construction,Micro
MCLEODRUSS,Tea & Coffee,Micro
MEDICAMEQ,Pharmaceuticals,Micro
MEDICO,Pharmaceuticals,Micro
MEGASOFT,Other Telecom Services,Micro
MEGATHERM,Other Industrial Products,Micro
MOL,Pesticides & Agrochemicals,Micro
MENONBE,Auto Components & Equipments,Micro
MICEL,Other Industrial Products,Micro
MINDTECK,Computers - Software & Consulting,Micro
MIRCELECTR,Consumer Electronics,Micro
MIRZAINT,Leather And Leather Products,Micro
MMP,Aluminium,Micro
MODIS,"Residential, Commercial Projects",Micro
MODISONLTD,Other Electrical Equipment,Micro
MOLDTKPAC,Packaging,Micro
MOLDTECH,Civil Construction,Micro
MONARCH,Stockbroking & Allied,Micro
MONEYBOXX,Non Banking Financial Company (NBFC),Micro
MONOLITH,Electrodes & Refractories,Micro
MONTECARLO,Garments & Apparels,Micro
MOREPENLAB,Pharmaceuticals,Micro
MOS,Financial Technology (Fintech),Micro
MOTISONS,"Gems, Jewellery And Watches",Micro
MSPL,Iron & Steel Products,Micro
MUFIN,Non Banking Financial Company (NBFC),Micro
MUKANDLTD,Iron & Steel,Micro
MUKKA,Animal Feed,Micro
MUNJALAU,Auto Components & Equipments,Micro
MUNJALSHOW,Auto Components & Equipments,Micro
MUTHOOTCAP,Non Banking Financial Company (NBFC),Micro
NRAIL,Paper & Paper Products,Micro
NDGL,Non Banking Financial Company (NBFC),Micro
NAHARCAP,Investment Company,Micro
NAHARINDUS,Other Textile Products,Micro
NAHARPOLY,Packaging,Micro
NAHARSPING,Other Textile Products,Micro
NAMOEWASTE,Waste Management,Micro
NDL,Other Textile Products,Micro
NAVKARCORP,Logistics Solution Provider,Micro
NBIFIN,Non Banking Financial Company (NBFC),Micro
NCLIND,Cement & Cement Products,Micro
NDLVENTURE,Other Financial Services,Micro
NDRAUTO,Auto Components & Equipments,Micro
NDTV,TV Broadcasting & Software Production,Micro
NECLIFE,Pharmaceuticals,Micro
NELCAST,Castings & Forgings,Micro
NELCO,Computers Hardware & Equipments,Micro
NEPTUNE,Petrochemicals,Micro
NGLFINE,Pharmaceuticals,Micro
NIBE,Aerospace & Defense,Micro
NIITLTD,Education,Micro
NIKITA,Paper & Paper Products,Micro
NILAINFRA,"Residential, Commercial Projects",Micro
NILASPACES,"Residential, Commercial Projects",Micro
NILKAMAL,Plastic Products - Consumer,Micro
NINSYS,Computers - Software & Consulting,Micro
NITCO,Ceramics,Micro
NITINSPIN,Other Textile Products,Micro
NOVAAGRI,Fertilizers,Micro
NOVARTIND,Pharmaceuticals,Micro
NUCLEUS,Software Products,Micro
NRL,Trading - Metals,Micro
NURECA,Medical Equipment & Supplies,Micro
OBSCP,Auto Components & Equipments,Micro
OCCLLTD,Commodity Chemicals,Micro
OILCOUNTUB,Oil Equipment & Services,Micro
OMFREIGHT,Logistics Solution Provider,Micro
OMINFRAL,Civil Construction,Micro
OMAXE,"Residential, Commercial Projects",Micro
MOBIKWIK,Financial Technology (Fintech),Micro
ONEPOINT,Business Process Outsourcing (BPO)/ Knowledge Process Outsourcing (KPO),Micro
ONMOBILE,Web based media and service,Micro
ONWARDTEC,IT Enabled Services,Micro
ORBTEXP,Other Textile Products,Micro
ORICONENT,Packaging,Micro
ORIENTBELL,Ceramics,Micro
ORIENTCER,Electrodes & Refractories,Micro
GREENPOWER,Power Generation,Micro
ORIENTPPR,Paper & Paper Products,Micro
ORIENTTECH,IT Enabled Services,Micro
OAL,Specialty Chemicals,Micro
ORIENTHOT,Hotels & Resorts,Micro
OSELDEVICE,Medical Equipment & Supplies,Micro
OSWALAGRO,Trading & Distributors,Micro
OSWALGREEN,Investment Company,Micro
OWAIS,Ferro & Silica Manganese,Micro
PAKKA,Paper & Paper Products,Micro
PANACEABIO,Pharmaceuticals,Micro
PANACHE,IT Enabled Services,Micro
PANAMAPET,Lubricants,Micro
PANSARI,"Residential, Commercial Projects",Micro
PARACABLES,Cables - Electricals,Micro
PARIN,"Furniture, Home Furnishing",Micro
PARSVNATH,"Residential, Commercial Projects",Micro
PARTH,,Micro
PASHUPATI,Other Textile Products,Micro
PASUPTAC,Petrochemicals,Micro
PATELRMART,Diversified Retail,Micro
PATILAUTOM,Industrial Products,Micro
PAUSHAKLTD,Specialty Chemicals,Micro
PAVNAIND,Auto Components & Equipments,Micro
PELATRO,Web based media and service,Micro
PENINLAND,"Residential, Commercial Projects",Micro
PCCL,Industrial Minerals,Micro
PHANTOMFX,Media & Entertainment,Micro
PIXTRANS,Rubber,Micro
PLASTIBLEN,Specialty Chemicals,Micro
PLATIND,Specialty Chemicals,Micro
PNBGILTS,Investment Company,Micro
POLYPLEX,Packaging,Micro
POLYSIL,Plastic Products - Industrial,Micro
PVSL,Auto Dealer,Micro
PPAP,Auto Components & Equipments,Micro
PRAKASH,Iron & Steel,Micro
PPL,Plastic Products - Industrial,Micro
PRAMARA,Advertising & Media Agencies,Micro
DIAMONDYD,Packaged Foods,Micro
PRECAM,Auto Components & Equipments,Micro
PRECOT,Other Textile Products,Micro
PREMIERPOL,Plastic Products - Industrial,Micro
PRIMESECU,Other Financial Services,Micro
PRIMO,Commodity Chemicals,Micro
PROSTARM,Other Electrical Equipment,Micro
PROV,Other Food Products,Micro
PROZONER,"Residential, Commercial Projects",Micro
PFS,Non Banking Financial Company (NBFC),Micro
PTL,Diversified Commercial Services,Micro
PDMJEPAPER,Paper & Paper Products,Micro
PUNJABCHEM,Pesticides & Agrochemicals,Micro
PURPLEUTED,Garments & Apparels,Micro
PVP,"Residential, Commercial Projects",Micro
PYRAMID,Packaging,Micro
QUADFUTURE,Cables - Electricals,Micro
QUICKHEAL,Software Products,Micro
RKSWAMY,Advertising & Media Agencies,Micro
RMDRIP,Plastic Products - Industrial,Micro
RNBDENIMS,Other Textile Products,Micro
RACLGEAR,Auto Components & Equipments,Micro
RADHIKAJWE,"Gems, Jewellery And Watches",Micro
RADIANTCMS,Diversified Commercial Services,Micro
RAJRILTD,Other Textile Products,Micro
RAJOOENG,Industrial Products,Micro
RAJRATAN,Auto Components & Equipments,Micro
RAMAPHO,Fertilizers,Micro
RAMASTEEL,Iron & Steel Products,Micro
RAMCOSYS,Software Products,Micro
RML,Auto Components & Equipments,Micro
RANEHOLDIN,Holding Company,Micro
RPTECH,Computers Hardware & Equipments,Micro
RATNAVEER,Iron & Steel Products,Micro
RVHL,"Residential, Commercial Projects",Micro
RBMINFRA,Diversified Commercial Services,Micro
RBZJEWEL,"Gems, Jewellery And Watches",Micro
REGAAL,Other Agricultural Products,Micro
RIIL,Logistics Solution Provider,Micro
RCOM,Telecom - Cellular & Fixed line services,Micro
REMSONSIND,Auto Components & Equipments,Micro
REMUS,Pharmaceuticals,Micro
RGL,"Gems, Jewellery And Watches",Micro
REPCOHOME,Housing Finance Company,Micro
REPRO,Printing & Publication,Micro
RHETAN,Iron & Steel Products,Micro
RICOAUTO,Auto Components & Equipments,Micro
RISHABH,Other Electrical Equipment,Micro
RITCO,Logistics Solution Provider,Micro
RNFI,Other Financial Services,Micro
RHL,Hotels & Resorts,Micro
ROTO,"Compressors, Pumps & Diesel Engines",Micro
ROHLTD,Hotels & Resorts,Micro
RPPINFRA,Civil Construction,Micro
RPSGVENT,Business Process Outsourcing (BPO)/ Knowledge Process Outsourcing (KPO),Micro
RSWM,Other Textile Products,Micro
RUBFILA,Rubber,Micro
RUBYMILLS,Other Textile Products,Micro
RUCHIRA,Paper & Paper Products,Micro
RUPA,Garments & Apparels,Micro
RUSHIL,Plywood Boards/ Laminates,Micro
SCHAND,Printing & Publication,Micro
SHK,Specialty Chemicals,Micro
SJLOGISTIC,Logistics Solution Provider,Micro
SPAL,Garments & Apparels,Micro
SPIC,Fertilizers,Micro
STCINDIA,Trading & Distributors,Micro
SALSTEEL,Sponge Iron,Micro
SAAKSHI,Other Electrical Equipment,Micro
SACHEEROME,Specialty Chemicals,Micro
SAFEENTP,"Furniture, Home Furnishing",Micro
SAHAJSOLAR,Other Electrical Equipment,Micro
SAHANA,IT Enabled Services,Micro
SAHASRA,Other Industrial Products,Micro
KALAMANDIR,Speciality Retail,Micro
SAKAR,Pharmaceuticals,Micro
SAKUMA,Trading & Distributors,Micro
SALASAR,Industrial Products,Micro
SALZERELEC,Other Electrical Equipment,Micro
SANDESH,Print Media,Micro
SANGAMIND,Other Textile Products,Micro
SANGHIIND,Cement & Cement Products,Micro
SANSTAR,Other Agricultural Products,Micro
SARTELE,Telecom - Infrastructure,Micro
SSDL,Garments & Apparels,Micro
SARLAPOLY,Other Textile Products,Micro
SARVESHWAR,Other Agricultural Products,Micro
SASKEN,IT Enabled Services,Micro
SASTASUNDR,Healthcare Service Provider,Micro
SSEGL,Civil Construction,Micro
SATIA,Paper & Paper Products,Micro
SATIN,Microfinance Institutions,Micro
SAURASHCEM,Cement & Cement Products,Micro
SOTL,Lubricants,Micro
SAVY,Civil Construction,Micro
SBC,Garments & Apparels,Micro
SCODATUBES,Iron & Steel Products,Micro
SEAMECLTD,Shipping,Micro
SEJALLTD,Glass - Industrial,Micro
SEPC,Civil Construction,Micro
SERVOTECH,Other Electrical Equipment,Micro
SESHAPAPER,Paper & Paper Products,Micro
SGFIN,Non Banking Financial Company (NBFC),Micro
SHREDIGCEM,Cement & Cement Products,Micro
SHREERAMA,Packaging,Micro
SHREEPUSHK,Dyes And Pigments,Micro
SHALBY,Hospital,Micro
SHALPAINTS,Paints,Micro
SRD,Trading - Chemicals,Micro
SHANTIGOLD,"Gems, Jewellery And Watches",Micro
SHEMAROO,Media & Entertainment,Micro
SHERA,"Aluminium, Copper & Zinc Products",Micro
SCILAL,Investment Company,Micro
SHIVAUM,Trading & Distributors,Micro
SBCL,Iron & Steel Products,Micro
SHIVALIK,Pesticides & Agrochemicals,Micro
SHIVAMAUTO,Auto Components & Equipments,Micro
SHRADHA,"Residential, Commercial Projects",Micro
SHREEKARNI,Other Textile Products,Micro
RAMANEWS,Paper & Paper Products,Micro
TIRUPATI,Plastic Products - Industrial,Micro
BALAJEE,Packaging,Micro
SVLL,Logistics Solution Provider,Micro
SHRIAHIMSA,Other Food Products,Micro
SHRINGARMS,"Gems, Jewellery And Watches",Micro
SHRIRAMPPS,"Residential, Commercial Projects",Micro
SICALLOG,Logistics Solution Provider,Micro
SIGACHI,Pharmaceuticals,Micro
SIGMA,IT Enabled Services,Micro
SIGNPOST,Advertising & Media Agencies,Micro
SILINV,Investment Company,Micro
SILVERTUC,Computers - Software & Consulting,Micro
SIMPLEXINF,Civil Construction,Micro
SINCLAIR,Hotels & Resorts,Micro
SINTERCOM,Auto Components & Equipments,Micro
SKMEGGPROD,Meat Products including Poultry,Micro
SKP,Abrasives & Bearings,Micro
SMCGLOBAL,Stockbroking & Allied,Micro
SNOWMAN,Logistics Solution Provider,Micro
SOFTTECH,Computers - Software & Consulting,Micro
SOLARA,Pharmaceuticals,Micro
SOLARWORLD,Civil Construction,Micro
SOLEX,Heavy Electrical Equipment,Micro
SDBL,Breweries & Distilleries,Micro
SOMATEX,Other Textile Products,Micro
SOMANYCERA,Ceramics,Micro
SOUTHWEST,Diversified Commercial Services,Micro
SPCENET,Trading & Distributors,Micro
SPANDANA,Microfinance Institutions,Micro
SPECIALITY,Restaurants,Micro
SPECTRUM,Industrial Products,Micro
SPENCERS,Diversified Retail,Micro
SPMLINFRA,Civil Construction,Micro
SPORTKING,Other Textile Products,Micro
SPUNWEB,Other Textile Products,Micro
SRHHYPOLTD,Commodity Chemicals,Micro
SREEL,Footwear,Micro
SRGHFL,Housing Finance Company,Micro
SRM,Civil Construction,Micro
STALLION,Industrial Gases,Micro
STANLEY,"Furniture, Home Furnishing",Micro
STEELXIND,Iron & Steel Products,Micro
STEELCAS,Castings & Forgings,Micro
STEL,Investment Company,Micro
STERTOOLS,Auto Components & Equipments,Micro
STLNETWORK,Other Telecom Services,Micro
STOVEKRAFT,Household Appliances,Micro
STUDDS,Auto Components & Equipments,Micro
SUBAHOTELS,Hotels & Resorts,Micro
SUBEXLTD,Software Products,Micro
SUKHJITS,Other Agricultural Products,Micro
SULA,Breweries & Distilleries,Micro
SUMEETINDS,Other Textile Products,Micro
SUMIT,"Residential, Commercial Projects",Micro
SUMMITSEC,Investment Company,Micro
SUNLITE,"Aluminium, Copper & Zinc Products",Micro
SUPREME,"Residential, Commercial Projects",Micro
SUPREMEPWR,Other Electrical Equipment,Micro
SURAJLTD,Iron & Steel Products,Micro
SURAJEST,"Residential, Commercial Projects",Micro
SURAKSHA,Healthcare Service Provider,Micro
SBGLP,"Residential, Commercial Projects",Micro
SURYODAY,Other Bank,Micro
SUTLEJTEX,Other Textile Products,Micro
SUYOG,Telecom - Infrastructure,Micro
SWARAJ,Other Textile Products,Micro
SWELECTES,Heavy Electrical Equipment,Micro
SYNCOMF,Pharmaceuticals,Micro
SGIL,Castings & Forgings,Micro
SYSTANGO,Computers - Software & Consulting,Micro
SYSTMTXC,Stockbroking & Allied,Micro
TBZ,"Gems, Jewellery And Watches",Micro
TNPL,Paper & Paper Products,Micro
TNPETRO,Petrochemicals,Micro
TVTODAY,TV Broadcasting & Software Production,Micro
TAC,Computers - Software & Consulting,Micro
TAJGVK,Hotels & Resorts,Micro
TAKE,"Healthcare Research, Analytics & Technology",Micro
TALBROAUTO,Auto Components & Equipments,Micro
TANKUP,Other Industrial Products,Micro
TARACHAND,Diversified Commercial Services,Micro
TARSONS,Medical Equipment & Supplies,Micro
TASTYBITE,Packaged Foods,Micro
TCIEXP,Logistics Solution Provider,Micro
TECHD,IT Enabled Services,Micro
TECHERA,Aerospace & Defense,Micro
TEJASCARGO,Logistics Solution Provider,Micro
TEMBO,Iron & Steel Products,Micro
TERASOFT,IT Enabled Services,Micro
TEXINFRA,Diversified Commercial Services,Micro
HITECHGEAR,Auto Components & Equipments,Micro
THEINVEST,Other Financial Services,Micro
THEJO,Industrial Products,Micro
THEMISMED,Pharmaceuticals,Micro
THOMASCOTT,Garments & Apparels,Micro
TIGERLOGS,Logistics Solution Provider,Micro
TIL,Construction Vehicles,Micro
TINNARUBR,Rubber,Micro
TIRUPATIFL,Castings & Forgings,Micro
TOLINS,Tyres & Rubber Products,Micro
TPLPLASTEH,Packaging,Micro
TRACXN,Data Processing Services,Micro
TREL,Logistics Solution Provider,Micro
TRANSTEEL,"Furniture, Home Furnishing",Micro
TRANSWORLD,Shipping,Micro
TREJHARA,Computers - Software & Consulting,Micro
TRF,Industrial Products,Micro
TECHLABS,Computers - Software & Consulting,Micro
TTKHLTCARE,Diversified,Micro
TVSELECT,Computers Hardware & Equipments,Micro
TVSINVIT,Diversified Commercial Services,Micro
TICL,Civil Construction,Micro
UGARSUGAR,Sugar,Micro
UGROCAP,Non Banking Financial Company (NBFC),Micro
UNIECOM,Software Products,Micro
UNIHEALTH,Hospital,Micro
UNIPARTS,Auto Components & Equipments,Micro
UNIENTER,Trading - Chemicals,Micro
UNITECH,"Residential, Commercial Projects",Micro
UNIDT,Industrial Products,Micro
UFBL,Restaurants,Micro
UNITEDPOLY,Other Textile Products,Micro
UDS,Diversified Commercial Services,Micro
URJA,Other Electrical Equipment,Micro
UTSSAV,"Gems, Jewellery And Watches",Micro
UTTAMSUGAR,Sugar,Micro
VMARCIND,Cables - Electricals,Micro
MADHAVBAUG,Medical Equipment & Supplies,Micro
VAKRANGEE,IT Enabled Services,Micro
VALIANTLAB,Pharmaceuticals,Micro
VALIANTORG,Specialty Chemicals,Micro
VARDHACRLC,Other Textile Products,Micro
VHL,Investment Company,Micro
VARDMNPOLY,Other Textile Products,Micro
VGL,Other Textile Products,Micro
DENTALKART,Medical Equipment & Supplies,Micro
VASCONEQ,"Residential, Commercial Projects",Micro
VENKEYS,Meat Products including Poultry,Micro
VENUSPIPES,Iron & Steel Products,Micro
VENUSREM,Pharmaceuticals,Micro
VERANDA,E-Learning,Micro
VERTOZ,Advertising & Media Agencies,Micro
VHLTD,Hotels & Resorts,Micro
VIDHIING,Specialty Chemicals,Micro
VIKASLIFE,Trading & Distributors,Micro
VIKRAN,Civil Construction,Micro
VILAS,Other Industrial Products,Micro
VINDHYATEL,Telecom - Infrastructure,Micro
VINSYS,Education,Micro
VINCOFE,Trading & Distributors,Micro
VINYAS,Industrial Products,Micro
VINYLINDIA,Trading - Chemicals,Micro
VIPCLOTHNG,Garments & Apparels,Micro
VGINFOTECH,Software Products,Micro
VISASTEEL,Ferro & Silica Manganese,Micro
VISAKAIND,Cement & Cement Products,Micro
VISHAL,Garments & Apparels,Micro
VPRPL,Civil Construction,Micro
VISHNUINFR,Other Construction Materials,Micro
VIESL,Diversified Commercial Services,Micro
VIVIANA,Civil Construction,Micro
VLSFINANCE,Investment Company,Micro
VRAJ,Sponge Iron,Micro
WSI,Civil Construction,Micro
WALCHANNAG,Industrial Products,Micro
WANBURY,Pharmaceuticals,Micro
WEALTH,Other Financial Services,Micro
WELINV,Investment Company,Micro
WENDT,Abrasives & Bearings,Micro
WCIL,Logistics Solution Provider,Micro
WHEELS,Auto Components & Equipments,Micro
WINDLAS,Pharmaceuticals,Micro
WINDMACHIN,Industrial Products,Micro
WTICAB,Road Transport,Micro
WEL,Household Appliances,Micro
XCHANGING,Computers - Software & Consulting,Micro
XPROINDIA,Packaging,Micro
XTGLOBAL,Computers - Software & Consulting,Micro
YASHO,Specialty Chemicals,Micro
YUKEN,"Compressors, Pumps & Diesel Engines",Micro
ZTECH,Waste Management,Micro
ZEEMEDIA,TV Broadcasting & Software Production,Micro
ZIMLAB,Pharmaceuticals,Micro
ZODIAC,Civil Construction,Micro
ZUARI,Fertilizers,Micro
ZUARIIND,Sugar,Micro
